{
  "UnitsPerMillimeter": 1,
  "Zero": {
    "X": -328.14228092876624,
    "Y": 139.40691951321332,
    "Z": -52.90668410173342
  },
  "AxisX": {
    "X": -187.31368048667747,
    "Y": 294.3017700172699,
    "Z": -45.60628629514281
  },
  "AxisY": {
    "X": -437.2722398440611,
    "Y": 239.1840626935171,
    "Z": -48.13130044864997
  },
  "RPYParameters": {
    "Rx": -177.28264503956362,
    "Ry": -0.020816598426087837,
    "Rz": 0.8784836918707176
  }
}