{
  "UnitsPerMillimeter": 1,
  "Zero": {
    "X": -304.40167878863156,
    "Y": 146.12568742792894,
    "Z": -200.12360371293946
  },
  "AxisX": {
    "X": -178.21551102574355,
    "Y": 295.8939292463602,
    "Z": -200.73619539345592
  },
  "AxisY": {
    "X": -427.2037533118675,
    "Y": 259.035438008246,
    "Z": -199.69195397485672
  },
  "RPYParameters": {
    "Rx": 179.96355394293286,
    "Ry": -0.23491260594161034,
    "Rz": -162.36341205660156
  }
}